week,Sun-dried Tomatoes,Mushrooms,Goat Cheese,Gouda Cheese,Coarse Sicilian Salami,Corn,Thai Sweet Chilli Sauce,Romano Cheese,Green Olives,Jalapeno Peppers,Garlic,Zucchini,Peperoncini verdi,Provolone Cheese,Oregano,Gorgonzola Piccante Cheese,Plum Tomatoes,Eggplant,Genoa Salami,Pineapple,Thyme,Red Onions,Barbecued Chicken,Green Peppers,Smoked Gouda Cheese,Caramelized Onions,Italian Sausage,Friggitello Peppers,Red Peppers,Blue Cheese,Nduja Salami,Luganega Sausage,Barbecue Sauce,Artichoke,Artichokes,Chipotle Sauce,Sliced Ham,Parmigiano Reggiano Cheese,Prosciutto,Bacon,Pepperoni,Capocollo,Spinach,Tomatoes,Chorizo Sausage,Onions,Feta Cheese,Pesto Sauce,Alfredo Sauce,Ricotta Cheese,Brie Carre Cheese,Kalamata Olives,Pancetta,Calabrese Salami,Fontina Cheese,Asiago Cheese,Cilantro,Pears,Soppressata Salami,Chicken,Mozzarella Cheese,Anchovies,Beef Chuck Roast,Prosciutto di San Daniele,Arugula
0,460,2417,1037,811,414,1278,855,1237,1996,2093,8812,419,453,1237,587,986,227,149,324,1307,78,6689,1147,1655,1237,78,650,329,5606,1237,329,414,1147,811,1346,1278,453,986,78,1723,3314,2353,2543,8473,650,414,1212,555,95,986,78,913,329,993,993,701,1278,78,183,2887,4015,317,409,385,385
1,-13,662,145,-7,575,214,139,342,1335,210,2626,267,44,342,102,-16,-28,20,106,262,-20,1772,122,541,342,-20,37,137,1107,342,137,575,122,-7,74,214,123,-16,-20,67,422,758,498,2726,37,575,205,145,120,-16,-20,107,137,505,-24,245,214,-20,-22,497,556,197,114,84,84
2,85,590,216,500,167,151,340,303,268,651,2162,222,179,303,38,199,54,47,66,520,9,833,52,285,303,9,149,-19,954,303,-19,167,52,500,348,151,180,199,9,243,1119,227,959,1441,149,167,235,98,36,199,9,139,-19,-57,567,144,151,9,69,960,1475,146,38,28,28
3,59,452,235,64,62,235,270,255,319,293,1769,105,111,255,127,192,19,50,129,504,30,1323,429,592,255,30,222,17,1345,255,17,62,429,64,218,235,235,192,30,365,868,383,264,1852,222,62,159,105,25,192,30,90,17,17,114,153,235,30,52,419,1133,236,71,137,137
4,46,748,464,212,137,384,235,187,394,596,2585,234,274,187,189,70,11,62,152,561,6,2073,346,595,187,6,221,78,1806,187,78,137,346,212,535,384,326,70,6,458,1030,740,723,2816,221,137,362,163,109,70,6,437,78,120,293,416,384,6,84,884,965,126,275,115,115
5,69,897,367,501,195,332,312,235,436,833,2607,75,267,235,101,352,28,52,97,461,37,1545,223,355,235,37,140,41,1688,235,41,195,223,501,405,332,148,352,37,583,1066,612,896,2122,140,195,307,195,104,352,37,131,41,148,528,212,332,37,29,1161,1060,5,90,21,21
6,98,678,237,193,122,552,410,134,562,747,2124,133,151,134,89,248,85,34,41,687,15,2039,405,589,134,15,196,63,1932,134,63,122,405,193,310,552,278,248,15,353,722,494,670,2650,196,122,358,134,103,248,15,221,63,214,265,167,552,15,68,1164,1103,139,112,157,157
7,122,560,182,378,162,226,201,315,494,605,2672,179,123,315,56,423,73,101,120,338,25,1340,159,335,315,25,255,112,1142,315,112,162,159,378,406,226,138,423,25,463,994,476,853,1944,255,162,247,253,16,423,25,195,112,178,438,199,226,25,61,808,1273,106,56,80,80
8,134,860,440,334,186,267,285,256,416,601,3010,377,243,256,197,413,99,90,204,697,19,1526,169,572,256,19,306,47,1509,256,47,186,169,334,577,267,411,413,19,414,1101,707,1117,2558,306,186,481,168,62,413,19,373,47,62,412,370,267,19,78,900,1506,62,164,100,100
9,112,833,349,175,54,537,278,195,469,712,2373,144,241,195,107,241,57,73,74,569,12,2021,305,494,195,12,304,23,1880,195,23,54,305,175,466,537,290,241,12,678,1170,667,646,2383,304,54,285,199,64,241,12,134,23,238,198,172,537,12,23,765,1114,137,43,94,94
10,69,819,489,127,200,309,234,109,578,434,2696,227,349,109,143,383,22,64,78,451,11,1783,254,495,109,11,459,21,1446,109,21,200,254,127,544,309,216,383,11,691,1064,733,721,2430,459,200,404,141,37,383,11,191,21,168,166,173,309,11,38,550,1009,178,111,103,103
11,86,663,114,247,164,363,293,317,395,610,2171,167,75,317,39,296,41,53,131,418,23,1415,176,354,317,23,123,15,1402,317,15,164,176,247,249,363,126,296,23,328,676,399,613,1861,123,164,207,152,109,296,23,151,15,156,327,272,363,23,85,939,999,59,79,54,54
12,193,809,694,215,82,350,312,249,393,563,2506,127,571,249,124,111,95,39,67,543,20,1889,384,515,249,20,245,126,1732,249,126,82,384,215,842,350,229,111,20,504,823,875,778,2727,245,82,398,179,133,111,20,237,126,118,304,239,350,20,90,926,956,93,102,96,96
13,132,1046,461,235,98,377,317,406,491,611,2801,280,302,406,159,195,104,135,190,582,55,2094,342,715,406,55,198,65,2021,406,65,98,342,235,644,377,266,195,55,598,1294,833,758,2742,198,98,306,201,101,195,55,254,65,180,274,370,377,55,37,933,1185,158,75,86,86
14,161,791,406,210,157,415,373,143,498,625,2971,135,238,143,168,556,76,49,186,568,34,1887,286,478,143,34,167,42,1894,143,42,157,286,210,535,415,196,556,34,501,1199,740,839,2788,167,157,371,274,45,556,34,308,42,148,280,315,415,34,67,1007,1314,139,144,37,37
15,87,664,166,168,88,354,339,251,531,526,2252,148,124,251,39,249,61,65,130,600,7,1562,217,410,251,7,300,49,1520,251,49,88,217,168,318,354,261,249,7,547,954,569,663,2241,300,88,252,251,18,249,7,184,49,274,259,191,354,7,91,860,1050,96,82,71,71
16,41,522,452,145,234,183,162,183,566,328,2498,192,338,183,115,245,12,57,83,426,11,1592,323,503,183,11,214,94,1235,183,94,234,323,145,485,183,264,245,11,370,703,797,551,2406,214,234,329,154,42,245,11,272,94,258,181,176,183,11,34,525,926,45,208,46,46
17,85,667,315,212,62,305,305,197,441,516,2231,166,187,197,127,371,16,60,68,652,25,1573,282,502,197,25,127,23,1484,197,23,62,282,212,401,305,347,371,25,333,779,616,620,2159,127,62,212,158,73,371,25,168,23,237,271,210,305,25,58,853,1275,104,83,98,98
18,75,464,337,311,205,313,306,116,415,623,2116,82,268,116,68,229,30,18,103,729,21,1228,145,223,116,21,199,66,1156,116,66,205,145,311,382,313,423,229,21,336,662,540,628,2000,199,205,316,79,82,229,21,206,66,100,354,205,313,21,42,885,1033,47,150,38,38
19,113,801,321,253,192,227,366,255,521,479,2735,143,258,255,61,444,48,35,214,610,31,1619,282,468,255,31,267,66,1545,255,66,192,282,253,470,227,243,444,31,623,1335,688,767,2399,267,192,254,174,32,444,31,164,66,152,320,313,227,31,67,861,1461,121,52,91,91
20,122,689,293,201,100,353,139,201,700,555,2370,69,232,201,61,323,99,35,45,293,21,1994,261,378,201,21,268,68,1245,201,68,100,261,201,457,353,157,323,21,502,841,746,666,2188,268,100,441,94,89,323,21,311,68,411,251,203,353,21,50,742,957,108,144,84,84
21,129,831,361,126,202,399,180,395,577,527,2416,155,195,395,167,133,91,72,85,524,22,1911,278,411,395,22,335,80,1696,395,80,202,278,126,414,399,344,133,22,639,1171,678,630,2289,335,202,334,181,135,133,22,147,80,224,184,239,399,22,56,764,1467,97,39,167,167
22,127,685,227,209,112,285,179,236,450,496,2108,152,147,236,80,207,73,54,57,403,4,1601,283,504,236,4,193,45,1358,236,45,112,283,209,379,285,222,207,4,411,752,510,640,1898,193,112,228,162,104,207,4,185,45,227,267,207,285,4,59,639,951,88,64,113,113
23,133,682,402,395,181,490,322,247,588,887,2881,93,150,247,253,303,72,36,113,638,37,1732,195,314,247,37,264,36,1639,247,36,181,195,395,414,490,315,303,37,418,860,652,899,2474,264,181,353,105,117,303,37,242,36,135,478,326,490,37,85,1020,1236,179,69,112,112
24,130,575,365,239,166,297,375,272,518,533,2343,105,231,272,136,89,44,40,87,541,36,1606,255,408,272,36,171,66,1538,272,66,166,255,239,466,297,166,89,36,335,782,655,700,2425,171,166,272,211,119,89,36,225,66,206,261,275,297,36,23,984,804,124,115,42,42
25,129,818,362,237,176,163,237,198,435,398,2175,148,214,198,148,221,52,51,43,446,9,1518,328,533,198,9,113,45,1452,198,45,176,328,237,412,163,209,221,9,412,748,517,673,2030,113,176,317,185,75,221,9,198,45,114,340,139,163,9,99,719,930,111,125,43,43
26,87,732,388,208,98,401,241,431,542,610,2689,129,158,431,230,136,29,45,128,344,31,1837,252,422,431,31,337,88,1574,431,88,98,252,208,316,401,103,136,31,519,1052,777,693,2403,337,98,374,148,87,136,31,157,88,264,254,244,401,31,45,793,1204,128,100,197,197
27,109,682,390,281,195,211,184,380,500,493,2871,119,308,380,82,498,55,66,123,376,37,1390,119,265,380,37,278,45,1064,380,45,195,119,281,534,211,192,498,37,528,1047,683,688,1990,278,195,359,155,60,498,37,248,45,171,347,235,211,37,66,721,1608,100,143,211,211
28,125,761,481,279,128,408,323,373,428,687,2865,229,367,373,114,278,80,69,182,493,21,1880,357,621,373,21,149,65,1764,373,65,128,357,279,623,408,172,278,21,395,904,751,811,2727,149,128,354,150,52,278,21,263,65,90,326,297,408,21,46,913,1078,152,123,52,52
29,61,711,309,239,111,424,429,375,331,663,2269,185,246,375,62,155,40,20,59,709,6,1657,243,506,375,6,306,47,1720,375,47,111,243,239,367,424,282,155,6,568,1052,489,669,2276,306,111,268,100,59,155,6,211,47,120,268,160,424,6,33,952,1207,59,129,81,81
30,78,729,487,205,128,464,453,160,554,667,2906,222,388,160,100,577,37,84,77,681,7,1873,286,491,160,7,468,67,1839,160,67,128,286,205,659,464,228,577,7,665,1232,760,764,2848,468,128,308,161,81,577,7,207,67,202,253,264,464,7,49,986,1482,129,63,157,157
31,150,666,286,225,110,343,465,305,549,568,2354,72,245,305,41,177,27,30,167,657,19,1442,126,305,305,19,191,37,1393,305,37,110,126,225,470,343,196,177,19,398,995,743,682,2376,191,110,261,221,70,177,19,160,37,295,285,285,343,19,58,1062,1094,79,84,104,104
32,127,900,360,300,175,263,230,171,590,562,2542,101,214,171,143,283,48,26,103,377,21,1635,177,384,171,21,360,45,1303,171,45,175,177,300,414,263,150,283,21,637,1229,704,874,2106,360,175,374,153,61,283,21,150,45,239,381,213,263,21,81,833,1100,125,53,97,97
33,65,630,210,159,103,267,287,341,363,425,1907,144,137,341,73,151,32,37,29,570,43,1269,185,396,341,43,206,28,1130,341,28,103,185,159,279,267,282,151,43,322,664,329,564,1710,206,103,321,88,42,151,43,184,28,87,243,109,267,43,84,706,1088,129,113,62,62
34,60,665,329,217,180,320,155,167,457,533,2102,123,190,167,139,184,18,52,115,274,3,1522,270,420,167,3,96,24,1389,167,24,180,270,217,361,320,119,184,3,250,836,603,662,2077,96,180,326,161,158,184,3,195,24,158,234,332,320,3,17,780,886,50,116,69,69
35,89,663,347,288,78,417,464,222,442,705,2474,155,93,222,250,297,51,63,79,598,21,1734,258,441,222,21,201,66,1840,222,66,78,258,288,293,417,135,297,21,395,832,598,717,2484,201,78,353,140,72,297,21,242,66,175,339,198,417,21,51,1070,1064,122,142,145,145
36,114,690,381,338,118,535,397,247,387,874,2415,84,257,247,124,246,66,44,111,703,40,1940,403,516,247,40,249,52,1976,247,52,118,403,338,468,535,305,246,40,539,954,638,735,2617,249,118,291,158,82,246,40,215,52,145,414,246,535,40,76,1286,1263,86,99,205,205
37,112,685,228,248,65,253,214,253,490,501,2211,124,106,253,123,205,73,38,50,480,5,1722,265,434,253,5,179,71,1395,253,71,65,265,248,336,253,267,205,5,434,941,430,753,2047,179,65,339,174,69,205,5,282,71,153,310,196,253,5,61,766,1174,216,133,100,100
38,67,531,223,74,109,430,384,120,298,506,1357,115,141,120,81,108,19,61,39,550,45,1341,203,326,120,45,228,39,1538,120,39,109,203,74,293,430,167,108,45,467,725,356,328,1890,228,109,162,139,63,108,45,96,39,93,97,128,430,45,22,894,628,68,57,73,73
39,135,647,276,144,183,329,247,237,447,475,2490,149,193,237,82,360,78,89,98,434,27,1592,201,354,237,27,154,122,1322,237,122,183,201,144,458,329,189,360,27,412,828,520,560,2169,154,183,395,181,24,360,27,297,122,147,217,167,329,27,74,562,1149,61,175,109,109
40,98,723,237,316,176,370,246,71,527,687,2412,293,149,71,88,347,52,104,119,487,4,1618,188,486,71,4,236,69,1466,71,69,176,188,316,423,370,241,347,4,427,892,552,839,2273,236,176,220,202,37,347,4,185,69,193,393,232,370,4,80,944,1022,120,56,124,124
41,69,957,455,217,183,184,289,372,445,402,2846,332,371,372,83,395,37,127,109,664,22,1666,270,607,372,22,174,53,1617,372,53,183,270,217,652,184,371,395,22,403,926,706,812,2427,174,183,339,212,184,395,22,246,53,140,249,379,184,22,33,844,1489,58,123,117,117
42,39,525,204,182,145,255,287,146,489,439,2003,117,106,146,98,164,16,30,166,421,19,1381,137,291,146,19,253,130,1168,146,130,145,137,182,203,255,135,164,19,421,943,522,425,2002,253,145,229,68,94,164,19,192,130,158,225,285,255,19,40,677,803,144,144,58,58
43,165,734,168,200,256,632,355,401,513,831,2939,163,123,401,46,420,99,58,152,595,31,1983,260,444,401,31,213,99,1895,401,99,256,260,200,374,632,240,420,31,506,1006,470,708,2659,213,256,381,206,75,420,31,276,99,153,256,252,632,31,56,919,1465,36,151,103,103
44,117,581,248,222,187,241,154,506,693,463,2656,114,147,506,101,214,77,35,172,369,52,1602,288,406,506,52,219,61,1145,506,61,187,288,222,323,241,215,214,52,385,797,748,648,2169,219,187,361,100,53,214,52,203,61,325,282,253,241,52,59,578,1283,94,106,124,124
45,84,577,180,247,139,310,278,135,497,555,2139,141,135,135,46,236,48,19,151,822,24,1661,314,470,135,24,194,69,1467,135,69,139,314,247,275,310,545,236,24,415,871,626,623,2157,194,139,191,119,87,236,24,162,69,294,296,276,310,24,49,818,1289,41,77,91,91
46,135,560,341,111,160,317,371,204,482,426,2409,210,261,204,82,284,48,78,78,614,29,1538,182,368,204,29,230,78,1397,204,78,160,182,111,500,317,245,284,29,389,704,602,613,2404,230,160,388,213,31,284,29,253,78,182,139,132,317,29,28,728,1023,91,178,103,103
47,110,1131,546,255,340,798,384,483,734,1052,3954,197,361,483,186,372,33,89,237,753,59,2853,569,841,483,59,268,105,2730,483,105,340,569,255,587,798,369,372,59,745,1476,994,781,3887,268,340,444,203,81,372,59,234,105,214,323,343,798,59,67,1070,1676,107,172,86,86
48,100,824,335,156,121,297,194,264,442,453,2343,178,251,264,86,195,78,36,154,428,32,1684,163,390,264,32,76,101,1327,264,101,121,163,156,419,297,237,195,32,361,877,671,702,2072,76,121,382,123,71,195,32,213,101,182,193,259,297,32,37,638,1122,80,102,142,142
49,150,601,270,364,260,208,242,144,507,568,2343,252,156,144,114,133,113,62,54,359,32,1528,188,448,144,32,70,53,1216,144,53,260,188,364,458,208,117,133,32,183,537,504,978,2125,70,260,413,147,49,133,32,374,53,179,402,195,208,32,42,855,623,50,168,49,49
50,110,601,339,267,129,219,399,132,389,488,2060,165,161,132,179,151,72,79,115,555,14,1409,247,396,132,14,353,62,1589,132,62,129,247,267,387,219,157,151,14,553,972,631,704,2183,353,129,282,200,91,151,14,195,62,170,300,251,219,14,34,966,771,57,84,92,92
51,59,415,84,81,49,113,202,89,166,192,994,107,32,89,51,202,31,21,37,389,3,726,74,188,89,3,146,25,756,89,25,49,74,81,139,113,188,202,3,328,473,182,350,909,146,49,138,67,14,202,3,87,25,61,109,77,113,3,28,390,603,36,28,44,44
52,101,726,418,176,140,209,202,239,458,384,2209,156,313,239,105,303,62,30,68,343,10,1480,236,431,239,10,227,25,1314,239,25,140,236,176,485,209,141,303,10,492,821,705,626,1945,227,140,261,109,95,303,10,156,25,217,209,203,209,10,33,623,947,50,54,80,80
53,31,433,163,60,158,199,105,114,404,261,1565,160,114,114,49,209,10,49,89,202,8,962,81,234,114,8,104,52,768,114,52,158,81,60,213,199,99,209,8,211,549,394,366,1381,104,158,192,96,33,209,8,95,52,137,79,145,199,8,19,305,692,67,67,61,61
54,67,525,146,241,117,296,95,377,402,539,1944,157,79,377,67,90,23,40,87,225,11,1223,130,308,377,11,88,21,959,377,21,117,130,241,237,296,129,90,11,214,819,423,686,1545,88,117,228,144,33,90,11,122,21,186,282,170,296,11,40,649,1104,68,52,61,61
55,64,389,170,98,83,164,160,165,296,266,1453,107,65,165,105,194,24,31,68,308,11,859,127,293,165,11,107,27,802,165,27,83,127,98,192,164,149,194,11,193,518,291,390,1257,107,83,148,95,25,194,11,95,27,52,126,126,164,11,25,358,771,141,35,105,105
56,64,539,235,186,80,167,197,190,258,357,1902,155,75,190,159,256,9,52,56,312,12,1352,399,584,190,12,186,71,1314,190,71,80,399,186,276,167,117,256,12,345,768,399,594,1812,186,80,191,155,38,256,12,177,71,108,240,180,167,12,54,545,905,52,80,91,91
57,71,436,305,166,91,130,71,151,414,298,1711,111,235,151,71,115,42,49,62,253,20,1181,211,311,151,20,67,14,854,151,14,91,211,166,383,130,182,115,20,235,452,635,510,1522,67,91,245,133,34,115,20,159,14,268,180,125,130,20,15,404,672,35,85,123,123
58,60,402,169,81,150,340,146,180,394,424,1681,114,96,180,73,260,37,37,28,340,18,1390,318,442,180,18,107,39,1247,180,39,150,318,81,238,340,193,260,18,204,551,297,406,1782,107,150,199,130,86,260,18,180,39,98,109,162,340,18,27,592,956,114,98,67,67
59,97,376,85,238,89,145,167,207,285,384,1585,104,49,207,37,186,60,53,97,321,33,844,83,203,207,33,118,78,760,207,78,89,83,238,254,145,153,186,33,270,685,260,579,1240,118,89,175,159,9,186,33,161,78,78,262,159,145,33,26,552,859,66,41,93,93
60,57,444,197,141,81,175,126,116,271,316,1427,117,112,116,84,167,38,31,108,328,3,852,108,292,116,3,167,41,729,116,41,81,108,141,246,175,203,167,3,225,643,377,498,1343,167,81,282,77,30,167,3,186,41,74,183,185,175,3,40,446,735,33,104,40,40
61,74,529,201,143,63,250,210,221,350,395,1657,107,66,221,137,178,28,47,80,460,20,1201,191,321,221,20,167,27,1168,221,27,63,191,143,216,250,247,178,20,346,590,475,451,1548,167,63,173,116,66,178,20,86,27,192,179,176,250,20,36,587,814,63,27,67,67
62,54,566,317,155,97,250,214,236,354,406,1920,142,221,236,100,260,12,29,54,300,17,1146,119,290,236,17,165,19,1097,236,19,97,119,155,320,250,85,260,17,376,592,494,477,1609,165,97,195,92,35,260,17,94,19,121,181,107,250,17,24,541,778,103,63,93,93
63,75,481,177,92,121,242,132,180,299,335,1628,126,153,180,25,227,26,56,108,274,26,1002,122,247,180,26,79,17,889,180,17,121,122,92,314,242,140,227,26,208,509,369,410,1401,79,121,189,145,72,227,26,115,17,82,142,213,242,26,50,477,769,69,59,66,66
64,82,535,313,117,102,230,138,121,243,346,1457,102,206,121,107,117,45,37,54,288,8,1020,154,252,121,8,147,23,1025,121,23,102,154,117,355,230,150,117,8,349,580,433,453,1423,147,102,218,119,48,117,8,135,23,68,196,132,230,8,80,495,626,32,60,43,43
65,65,560,283,83,47,290,309,250,390,373,1880,138,173,250,110,176,45,40,91,472,10,1542,329,556,250,10,113,110,1390,250,110,47,329,83,342,290,163,176,10,222,656,563,401,2119,113,47,198,82,76,176,10,190,110,193,158,229,290,10,76,680,892,109,79,77,77
66,78,493,245,189,57,420,229,170,282,611,1989,85,93,170,153,115,53,25,174,388,9,1600,259,363,170,9,66,68,1389,170,68,57,259,189,248,420,158,115,9,216,659,531,599,2038,66,57,359,106,40,115,9,247,68,112,224,264,420,9,35,706,707,94,141,53,53
67,70,526,182,132,73,264,178,158,295,392,1536,120,126,158,57,144,49,49,73,423,5,1231,160,313,158,5,140,48,1050,158,48,73,160,132,280,264,245,144,5,366,663,374,405,1544,140,73,257,99,21,144,5,226,48,115,196,130,264,5,63,525,743,75,141,27,27
68,47,435,280,102,127,147,217,146,412,251,1783,154,234,146,47,228,23,61,65,399,3,1095,219,372,146,3,138,41,1068,146,41,127,219,102,354,147,181,228,3,290,561,543,439,1793,138,127,206,195,20,228,3,141,41,194,141,96,147,3,39,513,792,48,107,59,59
69,65,456,272,161,69,157,50,138,272,316,1533,95,196,138,76,193,13,53,91,234,20,936,153,240,138,20,87,26,800,138,26,69,153,161,348,157,182,193,20,264,575,487,474,1330,87,69,199,156,47,193,20,119,26,124,186,173,157,20,25,440,730,29,70,61,61
70,116,341,224,207,64,218,159,293,279,425,1821,149,172,293,53,170,39,70,39,357,31,1039,207,344,293,31,189,30,890,293,30,64,207,207,386,218,199,170,31,276,513,383,503,1521,189,64,209,156,17,170,31,174,30,122,246,83,218,31,43,484,846,71,109,23,23
71,113,607,276,153,142,123,286,193,345,276,1941,119,197,193,78,305,58,33,146,511,24,1095,154,313,193,24,166,49,1094,193,49,142,154,153,386,123,226,305,24,414,981,514,557,1701,166,142,235,134,40,305,24,163,49,94,204,228,123,24,52,613,1157,72,62,67,67
72,65,428,232,205,96,212,97,95,387,417,1688,62,191,95,43,143,29,16,64,212,22,1149,172,278,95,22,164,71,768,95,71,96,172,205,306,212,117,143,22,273,566,485,520,1476,164,96,237,95,34,143,22,139,71,188,249,136,212,22,44,494,592,76,71,62,62
73,106,585,312,83,124,343,84,232,382,425,1886,126,117,232,195,189,93,75,58,215,15,1582,278,381,232,15,249,37,1380,232,37,124,278,83,331,343,132,189,15,440,762,526,473,1850,249,124,368,143,107,189,15,249,37,153,128,198,343,15,44,559,895,60,128,115,115
74,61,422,153,223,121,216,109,154,379,438,1554,101,101,154,52,109,14,25,87,232,8,949,105,222,154,8,205,16,778,154,16,121,105,223,233,216,122,109,8,296,622,373,555,1361,205,121,199,105,71,109,8,131,16,135,248,202,216,8,24,552,624,56,70,60,60
75,72,495,151,178,112,231,194,158,341,413,1602,114,107,158,44,177,27,31,57,351,21,1149,229,381,158,21,102,58,1012,158,58,112,229,178,288,231,156,177,21,238,542,274,542,1560,102,112,179,90,54,177,21,151,58,63,221,193,231,21,45,532,717,96,45,85,85
76,103,408,237,144,99,202,202,220,282,343,1544,61,176,220,61,76,42,16,57,345,16,993,158,254,220,16,97,39,895,220,39,99,158,144,319,202,143,76,16,163,345,362,500,1457,97,99,241,136,88,76,16,144,39,68,177,173,202,16,35,586,559,86,73,40,40
77,93,540,245,232,85,138,247,193,226,369,1560,107,127,193,118,143,27,33,38,369,3,1079,230,378,193,3,86,28,1149,193,28,85,230,232,280,138,122,143,3,331,607,364,564,1482,86,85,200,142,19,143,3,143,28,84,264,87,138,3,33,634,646,44,85,36,36
78,134,552,361,68,68,303,271,220,279,375,1749,116,205,220,156,91,57,41,81,470,18,1253,233,404,220,18,188,51,1349,220,51,68,233,68,408,303,198,91,18,394,850,576,420,1927,188,68,216,155,25,91,18,167,51,136,155,132,303,18,87,540,941,32,86,87,87
79,46,471,212,84,54,220,251,199,312,302,1564,71,103,199,107,105,39,22,123,370,35,1176,163,244,199,35,89,34,1023,199,34,54,163,84,218,220,117,105,35,210,560,495,434,1548,89,54,298,60,58,105,35,165,34,161,116,228,220,35,34,557,677,66,79,75,75
80,94,536,402,310,102,194,235,328,299,506,2390,110,305,328,96,430,51,44,118,347,5,1055,106,245,328,5,121,22,1000,328,22,102,106,310,488,194,111,430,5,299,639,587,657,1683,121,102,255,113,55,430,5,178,22,66,348,214,194,5,37,748,1057,104,81,40,40
81,75,458,351,167,48,371,312,348,267,540,1968,141,281,348,71,164,64,26,72,525,5,1400,240,413,348,5,202,60,1351,348,60,48,240,167,406,371,216,164,5,340,609,496,463,1979,202,48,242,48,64,164,5,198,60,73,188,161,371,5,18,702,903,107,110,40,40
82,41,517,145,106,57,129,35,234,334,234,1370,95,89,234,56,72,12,27,27,137,11,947,152,275,234,11,287,41,725,234,41,57,152,106,218,129,104,72,11,472,778,288,476,1146,287,57,190,119,13,72,11,109,41,119,161,101,129,11,57,263,676,78,37,41,41
83,86,468,150,297,118,130,141,244,419,428,1913,118,116,244,34,190,50,17,67,316,4,1128,136,339,244,4,115,137,767,244,137,118,136,297,259,130,175,190,4,210,561,405,668,1493,115,118,196,105,59,190,4,150,137,185,321,171,130,4,24,624,909,77,59,132,132
84,74,530,240,225,133,183,161,93,437,405,1717,96,154,93,86,165,32,34,50,339,7,1129,130,279,93,7,200,29,886,93,29,133,130,225,287,183,176,165,7,360,712,496,578,1507,200,133,260,113,35,165,7,140,29,205,260,112,183,7,37,576,737,61,77,76,76
85,74,424,278,169,61,178,134,159,300,345,1533,93,185,159,93,173,28,17,39,245,14,966,124,258,159,14,140,23,792,159,23,61,124,169,282,178,111,173,14,261,487,410,452,1334,140,61,231,80,24,173,14,133,23,96,201,75,178,14,34,469,649,113,96,52,52
86,57,405,202,142,117,283,120,97,340,427,1391,79,127,97,75,79,21,15,87,227,30,1075,171,296,97,30,59,21,977,97,21,117,171,142,232,283,106,79,30,174,534,445,427,1475,59,117,134,106,78,79,30,94,21,153,156,203,283,30,14,569,509,41,36,31,31
87,58,518,201,118,129,230,326,181,317,348,1509,57,121,181,78,257,30,19,41,523,37,1041,162,296,181,37,110,27,1150,181,27,129,162,118,251,230,196,257,37,269,661,346,399,1555,110,129,190,95,89,257,37,162,27,103,168,185,230,37,50,774,940,35,78,55,55
88,114,500,127,159,148,220,254,322,297,378,1754,124,78,322,48,171,43,47,128,382,41,981,104,234,322,41,126,45,1073,322,45,148,104,159,264,220,128,171,41,336,666,347,515,1492,126,148,155,186,46,171,41,103,45,96,194,199,220,41,36,662,967,30,35,185,185
89,63,501,151,142,41,281,152,173,251,423,1502,84,89,173,60,226,41,32,55,308,6,1389,317,439,173,6,112,43,1206,173,43,41,317,142,233,281,155,226,6,306,682,259,481,1559,112,41,249,119,62,226,6,184,43,54,160,165,281,6,18,629,838,127,95,53,53
90,56,269,99,95,52,151,144,39,284,248,898,85,37,39,61,53,22,43,14,267,8,813,105,179,39,8,118,34,697,39,34,52,105,95,172,151,123,53,8,224,387,237,275,1048,118,52,105,87,35,53,8,108,34,126,117,85,151,8,22,396,358,89,50,39,39
91,59,623,245,57,186,335,52,191,466,391,1736,73,168,191,76,157,32,52,42,169,29,1374,185,326,191,29,140,82,1070,191,82,186,185,57,300,335,116,157,29,395,803,464,296,1685,140,186,241,121,53,157,29,165,82,177,137,115,335,29,82,428,840,56,112,72,72
92,28,364,164,208,87,235,156,256,251,441,1580,128,111,256,53,277,16,39,60,302,8,838,98,212,256,8,164,21,847,256,21,87,98,208,197,235,146,277,8,311,585,314,395,1174,164,87,62,66,17,277,8,56,21,90,266,99,235,8,60,554,1056,63,18,151,151
93,37,543,271,79,144,165,165,187,258,244,1766,165,179,187,90,247,18,55,106,363,11,1114,248,424,187,11,147,33,1087,187,33,144,248,79,331,165,199,247,11,287,614,416,433,1630,147,144,225,116,72,247,11,178,33,42,132,240,165,11,53,448,889,51,104,102,102
94,44,473,237,103,103,171,128,90,380,275,1471,104,179,90,59,118,26,46,87,170,10,936,39,193,90,10,174,83,733,90,83,103,39,103,283,171,38,118,10,303,716,462,313,1359,174,103,176,85,86,118,10,121,83,140,136,185,171,10,31,390,536,90,76,42,42
95,82,440,122,133,191,296,279,145,323,428,1445,58,82,145,40,109,49,19,89,366,9,1059,108,224,145,9,112,80,1112,145,80,191,108,133,208,296,86,109,9,335,689,278,401,1571,112,191,184,121,34,109,9,162,80,66,152,147,296,9,20,649,579,33,87,63,63
96,87,417,237,189,109,262,110,159,441,450,1979,83,141,159,95,283,52,27,160,296,11,1186,114,209,159,11,146,22,898,159,22,109,114,189,283,262,184,283,11,236,647,573,536,1652,146,109,278,125,77,283,11,179,22,175,226,260,262,11,38,618,922,124,102,73,73
97,101,408,139,67,53,214,100,124,298,283,1353,143,93,124,46,125,61,14,83,243,13,1132,157,321,124,13,144,74,871,124,74,53,157,67,253,214,142,125,13,237,512,409,450,1374,144,53,153,98,74,125,13,141,74,190,99,204,214,13,32,426,600,29,32,60,60
98,71,369,236,88,87,220,139,128,306,309,1503,140,185,128,50,116,28,36,39,305,28,1069,169,304,128,28,118,75,873,128,75,87,169,88,327,220,166,116,28,208,448,425,439,1512,118,87,198,121,26,116,28,132,75,146,111,100,220,28,23,426,644,41,71,74,74
99,102,687,279,171,199,493,343,226,491,662,2516,152,167,226,113,279,35,67,143,598,21,1831,271,440,226,21,180,69,1724,226,69,199,271,171,361,493,254,279,21,468,918,556,559,2523,180,199,352,157,39,279,21,225,69,135,213,209,493,21,43,782,1091,114,165,87,87
100,59,474,227,163,95,247,256,82,380,408,1782,119,175,82,52,270,32,26,58,420,8,1195,136,307,82,8,101,41,1066,82,41,95,136,163,289,247,164,270,8,228,605,470,515,1675,101,95,211,126,52,270,8,146,41,181,188,140,247,8,24,671,832,89,85,84,84
101,80,355,90,279,216,298,284,37,421,576,1610,119,59,37,33,106,54,53,126,486,24,1152,185,270,37,24,59,75,1103,37,75,216,185,279,233,298,199,106,24,168,487,340,581,1774,59,216,193,115,33,106,24,156,75,122,323,198,298,24,43,819,575,58,60,55,55
102,107,379,305,215,119,130,210,51,338,346,1717,142,212,51,94,105,77,67,120,317,16,1050,211,344,51,16,228,50,967,51,50,119,211,215,409,130,110,105,16,297,673,557,595,1720,228,119,269,166,39,105,16,190,50,128,247,184,130,16,30,598,532,68,89,61,61
103,60,300,91,72,66,142,253,43,148,214,827,92,46,43,46,133,45,11,32,411,4,604,45,149,43,4,102,17,708,43,17,66,45,72,136,142,159,133,4,181,311,171,319,921,102,66,153,50,30,133,4,106,17,47,97,81,142,4,25,465,443,16,40,32,32
104,39,146,159,23,39,61,22,39,91,84,601,41,102,39,55,112,17,8,39,51,1,286,41,111,39,1,44,13,269,39,13,39,41,23,153,61,30,112,1,80,207,218,129,502,44,39,49,37,13,112,1,34,13,22,31,58,61,1,6,102,256,25,11,20,20
